Date ,series ,Open,HIGH ,LOW ,PREV. CLOSE ,ltp ,Price ,vwap ,52W H ,52W L ,VOLUME ,VALUE ,No of trades ,Helper
13-Aug-19,EQ,"1,312.00","1,324.90","1,280.20","1,300.10","1,315.00","1,312.95","1,304.84","1,425.20","1,030.60",397956,"519,268,495.25",29077,1
14-Aug-19,EQ,"1,314.00","1,342.00","1,293.30","1,312.95","1,310.00","1,316.85","1,319.98","1,425.20","1,030.60",354090,"467,389,964.65",17295,2
16-Aug-19,EQ,"1,295.00","1,316.00","1,260.75","1,316.85","1,282.30","1,289.30","1,281.18","1,425.20","1,030.60",284592,"364,612,355.60",19707,3
19-Aug-19,EQ,"1,286.00","1,329.90","1,271.00","1,289.30","1,322.05","1,325.35","1,311.98","1,425.20","1,030.60",248666,"326,245,816.45",10330,4
20-Aug-19,EQ,"1,325.00","1,398.10","1,316.35","1,325.35","1,390.00","1,375.05","1,350.51","1,425.20","1,030.60",625207,"844,347,300.65",26041,5
21-Aug-19,EQ,"1,370.00","1,383.50","1,356.25","1,375.05","1,365.50","1,365.45","1,370.45","1,425.20","1,030.60",324167,"444,255,497.20",17958,6
22-Aug-19,EQ,"1,367.90","1,374.95","1,351.75","1,365.45","1,356.10","1,360.70","1,365.30","1,425.20","1,030.60",176916,"241,543,649.05",12021,7
23-Aug-19,EQ,"1,361.75","1,387.65","1,352.00","1,360.70","1,386.00","1,376.45","1,369.21","1,425.20","1,030.60",326476,"447,014,757.70",16214,8
26-Aug-19,EQ,"1,394.00","1,405.00","1,372.50","1,376.45","1,398.00","1,396.90","1,391.92","1,425.20","1,030.60",188165,"261,910,702.45",10902,9
27-Aug-19,EQ,"1,396.75","1,460.00","1,391.80","1,396.90","1,452.00","1,441.70","1,423.26","1,460.00","1,030.60",336804,"479,360,610.75",16351,10
28-Aug-19,EQ,"1,440.00","1,545.00","1,434.50","1,441.70","1,514.90","1,523.40","1,496.03","1,545.00","1,030.60",978369,"1,463,667,950.45",38978,11
29-Aug-19,EQ,"1,525.00","1,530.00","1,471.40","1,523.40","1,518.00","1,519.20","1,504.84","1,545.00","1,030.60",1004644,"1,511,832,253.90",31756,12
30-Aug-19,EQ,"1,455.00","1,511.85","1,444.95","1,519.20","1,490.00","1,495.55","1,474.61","1,545.00","1,030.60",852009,"1,256,381,805.80",29098,13
3-Sep-19,EQ,"1,479.00","1,511.95","1,458.40","1,495.55","1,470.00","1,467.00","1,485.47","1,545.00","1,030.60",428827,"637,010,968.80",16686,14
4-Sep-19,EQ,"1,476.00","1,488.50","1,452.95","1,467.00","1,457.20","1,462.35","1,468.58","1,545.00","1,030.60",221393,"325,134,202.35",13051,15
5-Sep-19,EQ,"1,463.00","1,468.70","1,435.10","1,462.35","1,459.00","1,459.95","1,457.82","1,545.00","1,030.60",277952,"405,203,764.10",14068,16
6-Sep-19,EQ,"1,474.40","1,474.40","1,437.80","1,459.95","1,444.20","1,448.45","1,447.12","1,545.00","1,030.60",290536,"420,439,073.05",22125,17
9-Sep-19,EQ,"1,447.00","1,456.95","1,436.00","1,448.45","1,444.00","1,445.25","1,446.31","1,545.00","1,030.60",281846,"407,635,513.40",17350,18
11-Sep-19,EQ,"1,446.00","1,455.35","1,412.70","1,445.25","1,419.00","1,419.20","1,424.80","1,545.00","1,030.60",272101,"387,690,143.70",10782,19
12-Sep-19,EQ,"1,419.10","1,432.00","1,405.10","1,419.20","1,409.80","1,410.45","1,420.08","1,545.00","1,030.60",323702,"459,683,297.65",11402,20
13-Sep-19,EQ,"1,410.60","1,426.90","1,400.15","1,410.45","1,408.30","1,411.20","1,412.60","1,545.00","1,030.60",169231,"239,055,501.10",6363,21
16-Sep-19,EQ,"1,412.50","1,414.00","1,378.45","1,411.20","1,382.00","1,382.00","1,392.80","1,545.00","1,030.60",297432,"414,262,409.25",15838,22
17-Sep-19,EQ,"1,372.10","1,392.05","1,367.45","1,382.00","1,367.75","1,371.00","1,379.55","1,545.00","1,030.60",199176,"274,772,563.85",12617,23
18-Sep-19,EQ,"1,365.10","1,391.40","1,342.80","1,371.00","1,360.10","1,362.15","1,362.51","1,545.00","1,030.60",657165,"895,394,469.90",28066,24
19-Sep-19,EQ,"1,350.40","1,388.50","1,347.50","1,362.15","1,364.95","1,369.45","1,374.77","1,545.00","1,030.60",317680,"436,736,738.65",13632,25
20-Sep-19,EQ,"1,363.00","1,413.20","1,352.85","1,369.45","1,407.35","1,401.75","1,386.74","1,545.00","1,030.60",505984,"701,666,979.75",19166,26
23-Sep-19,EQ,"1,407.35","1,429.60","1,369.20","1,401.75","1,420.00","1,410.25","1,408.58","1,545.00","1,030.60",344059,"484,633,520.40",12185,27
24-Sep-19,EQ,"1,424.00","1,453.10","1,401.00","1,410.25","1,429.00","1,429.00","1,426.89","1,545.00","1,030.60",572805,"817,328,332.80",19852,28
25-Sep-19,EQ,"1,437.00","1,437.00","1,398.00","1,429.00","1,398.50","1,406.20","1,414.46","1,545.00","1,030.60",162380,"229,680,359.50",6774,29
26-Sep-19,EQ,"1,400.00","1,414.00","1,382.30","1,406.20","1,391.40","1,389.40","1,391.53","1,545.00","1,030.60",322106,"448,219,383.35",10918,30
27-Sep-19,EQ,"1,355.00","1,408.30","1,355.00","1,389.40","1,394.00","1,394.05","1,389.77","1,545.00","1,030.60",313134,"435,185,404.95",29876,31
30-Sep-19,EQ,"1,394.05","1,416.00","1,387.05","1,394.05","1,395.00","1,394.90","1,398.60","1,545.00","1,030.60",295143,"412,788,151.90",21599,32
1-Oct-19,EQ,"1,415.00","1,415.00","1,338.05","1,394.90","1,359.30","1,349.65","1,355.66","1,545.00","1,030.60",314752,"426,696,064.15",14563,33
3-Oct-19,EQ,"1,358.10","1,380.00","1,343.05","1,349.65","1,366.05","1,368.00","1,364.45","1,545.00","1,030.60",268527,"366,392,785.80",16102,34
4-Oct-19,EQ,"1,368.00","1,387.00","1,346.35","1,368.00","1,372.30","1,380.00","1,369.17","1,545.00","1,030.60",330709,"452,795,288.55",17764,35
7-Oct-19,EQ,"1,383.45","1,393.00","1,357.20","1,380.00","1,388.45","1,384.60","1,380.29","1,545.00","1,030.60",184904,"255,220,285.05",10987,36
9-Oct-19,EQ,"1,381.00","1,389.10","1,360.15","1,384.60","1,371.20","1,373.35","1,373.02","1,545.00","1,030.60",177260,"243,382,241.20",16203,37
10-Oct-19,EQ,"1,357.50","1,381.75","1,351.00","1,373.35","1,365.00","1,361.10","1,364.24","1,545.00","1,030.60",152606,"208,191,488.30",7783,38
11-Oct-19,EQ,"1,355.00","1,417.60","1,350.80","1,361.10","1,406.05","1,412.10","1,397.50","1,545.00","1,030.60",397760,"555,870,308.25",16841,39
14-Oct-19,EQ,"1,410.00","1,415.00","1,390.00","1,412.10","1,393.00","1,396.50","1,401.76","1,545.00","1,030.60",203559,"285,341,450.30",9256,40
15-Oct-19,EQ,"1,394.00","1,438.75","1,392.00","1,396.50","1,419.10","1,424.70","1,422.41","1,545.00","1,030.60",403985,"574,631,714.75",27868,41
16-Oct-19,EQ,"1,433.00","1,434.95","1,401.55","1,424.70","1,406.00","1,409.50","1,419.97","1,545.00","1,030.60",300018,"426,017,675.10",25442,42
17-Oct-19,EQ,"1,413.00","1,419.80","1,395.70","1,409.50","1,411.00","1,406.70","1,408.32","1,545.00","1,030.60",114889,"161,800,666.10",7385,43
18-Oct-19,EQ,"1,415.50","1,450.00","1,397.70","1,406.70","1,441.60","1,436.55","1,424.16","1,545.00","1,030.60",277477,"395,172,707.25",10479,44
22-Oct-19,EQ,"1,436.55","1,469.90","1,416.00","1,436.55","1,450.05","1,452.20","1,444.03","1,545.00","1,030.60",299087,"431,891,879.35",11786,45
23-Oct-19,EQ,"1,451.00","1,476.45","1,427.50","1,452.20","1,470.00","1,468.65","1,458.86","1,545.00","1,030.60",452349,"659,915,662.15",19384,46
24-Oct-19,EQ,"1,490.00","1,529.20","1,425.65","1,468.65","1,480.00","1,491.60","1,468.76","1,545.00","1,030.60",1055221,"1,549,870,397.75",88012,47
25-Oct-19,EQ,"1,485.00","1,519.50","1,467.50","1,491.60","1,501.40","1,505.15","1,498.72","1,545.00","1,030.60",382090,"572,647,423.40",19918,48
27-Oct-19,EQ,"1,500.35","1,528.85","1,492.30","1,505.15","1,498.10","1,506.10","1,509.24","1,545.00","1,030.60",29696,"44,818,508.20",1419,49
29-Oct-19,EQ,"1,490.00","1,526.85","1,490.00","1,506.10","1,518.00","1,517.35","1,513.09","1,545.00","1,030.60",268871,"406,825,967.65",11894,50
30-Oct-19,EQ,"1,518.00","1,586.95","1,515.80","1,517.35","1,580.95","1,578.15","1,560.24","1,586.95","1,030.60",537234,"838,215,004.10",26469,51
31-Oct-19,EQ,"1,587.00","1,590.90","1,543.45","1,578.15","1,550.00","1,548.70","1,569.89","1,590.90","1,030.60",717384,"1,126,210,885.25",24264,52
1-Nov-19,EQ,"1,553.00","1,561.15","1,525.85","1,548.70","1,557.75","1,558.75","1,551.11","1,590.90","1,030.60",367674,"570,303,336.35",12247,53
4-Nov-19,EQ,"1,553.40","1,595.50","1,538.20","1,558.75","1,583.00","1,586.75","1,579.01","1,595.50","1,030.60",336654,"531,579,206.30",13751,54
5-Nov-19,EQ,"1,585.10","1,586.70","1,556.45","1,586.75","1,558.00","1,559.35","1,566.13","1,595.50","1,030.60",109969,"172,225,851.10",6190,55
6-Nov-19,EQ,"1,559.35","1,576.50","1,547.45","1,559.35","1,561.70","1,566.40","1,564.03","1,595.50","1,030.60",91192,"142,626,787.40",4794,56
7-Nov-19,EQ,"1,566.35","1,579.45","1,560.00","1,566.40","1,573.05","1,574.00","1,573.26","1,595.50","1,030.60",101781,"160,127,626.25",5539,57
8-Nov-19,EQ,"1,570.00","1,588.00","1,534.95","1,574.00","1,535.10","1,540.40","1,561.93","1,595.50","1,030.60",123434,"192,795,093.05",5430,58
11-Nov-19,EQ,"1,530.00","1,594.75","1,530.00","1,540.40","1,575.00","1,572.65","1,571.74","1,595.50","1,030.60",231176,"363,348,152.85",9457,59
13-Nov-19,EQ,"1,573.00","1,578.20","1,479.05","1,572.65","1,480.00","1,483.20","1,514.76","1,595.50","1,030.60",349897,"530,011,143.90",15297,60
14-Nov-19,EQ,"1,487.00","1,509.80","1,465.80","1,483.20","1,505.05","1,504.70","1,490.63","1,595.50","1,030.60",296070,"441,330,265.75",10484,61
15-Nov-19,EQ,"1,510.00","1,520.00","1,473.80","1,504.70","1,488.95","1,491.10","1,491.36","1,595.50","1,030.60",161514,"240,875,721.45",6563,62
18-Nov-19,EQ,"1,480.00","1,527.50","1,477.50","1,491.10","1,519.50","1,519.10","1,511.07","1,595.50","1,030.60",198031,"299,238,174.25",7779,63
19-Nov-19,EQ,"1,519.50","1,535.95","1,509.75","1,519.10","1,529.00","1,529.00","1,526.50","1,595.50","1,030.60",116406,"177,693,481.00",4673,64
20-Nov-19,EQ,"1,529.15","1,554.30","1,498.05","1,529.00","1,512.90","1,508.80","1,525.13","1,595.50","1,030.60",279059,"425,601,955.60",11059,65
21-Nov-19,EQ,"1,518.00","1,525.00","1,490.00","1,508.80","1,508.70","1,498.70","1,509.99","1,595.50","1,030.60",82586,"124,703,826.25",3669,66
22-Nov-19,EQ,"1,505.00","1,509.90","1,473.50","1,498.70","1,481.15","1,484.15","1,487.01","1,595.50","1,030.60",137374,"204,275,948.75",5631,67
25-Nov-19,EQ,"1,486.70","1,507.15","1,475.80","1,484.15","1,497.90","1,500.05","1,492.80","1,595.50","1,030.60",103697,"154,798,768.85",7018,68
26-Nov-19,EQ,"1,504.40","1,504.40","1,452.40","1,500.05","1,485.00","1,484.90","1,475.26","1,595.50","1,030.60",380327,"561,082,172.85",20142,69
27-Nov-19,EQ,"1,484.00","1,506.90","1,480.90","1,484.90","1,494.00","1,493.90","1,491.50","1,595.50","1,030.60",77325,"115,330,522.50",3841,70
28-Nov-19,EQ,"1,490.00","1,512.40","1,484.55","1,493.90","1,499.25","1,504.90","1,504.10","1,595.50","1,030.60",166495,"250,425,768.55",7133,71
29-Nov-19,EQ,"1,504.90","1,516.50","1,482.05","1,504.90","1,488.15","1,490.95","1,494.62","1,595.50","1,030.60",66093,"98,783,891.85",2684,72
2-Dec-19,EQ,"1,480.95","1,495.00","1,454.30","1,490.95","1,458.50","1,462.10","1,475.53","1,595.50","1,030.60",124662,"183,942,850.15",13372,73
3-Dec-19,EQ,"1,455.10","1,470.45","1,440.80","1,462.10","1,441.15","1,446.40","1,451.83","1,595.50","1,030.60",109134,"158,444,206.20",4820,74
4-Dec-19,EQ,"1,443.85","1,472.45","1,439.00","1,446.40","1,465.20","1,467.45","1,463.21","1,595.50","1,030.60",144873,"211,978,958.90",6583,75
5-Dec-19,EQ,"1,464.00","1,515.65","1,463.00","1,467.45","1,484.30","1,485.20","1,497.34","1,595.50","1,030.60",367759,"550,660,758.75",12883,76
6-Dec-19,EQ,"1,488.00","1,494.95","1,459.00","1,485.20","1,461.90","1,464.15","1,473.90","1,595.50","1,030.60",76842,"113,257,081.70",3796,77
9-Dec-19,EQ,"1,464.70","1,482.00","1,451.00","1,464.15","1,478.90","1,475.95","1,469.64","1,595.50","1,030.60",106498,"156,513,842.90",6044,78
10-Dec-19,EQ,"1,471.35","1,475.35","1,418.65","1,475.95","1,436.00","1,437.75","1,442.82","1,595.50","1,030.60",245334,"353,973,130.55",19978,79
11-Dec-19,EQ,"1,437.90","1,497.00","1,437.90","1,437.75","1,484.35","1,486.55","1,478.58","1,595.50","1,030.60",381538,"564,133,047.75",24475,80
12-Dec-19,EQ,"1,480.00","1,492.85","1,470.05","1,486.55","1,480.00","1,484.25","1,481.64","1,595.50","1,030.60",93421,"138,415,879.25",3952,81
13-Dec-19,EQ,"1,478.00","1,495.00","1,462.70","1,484.25","1,492.20","1,490.60","1,479.47","1,595.50","1,030.60",167754,"248,187,360.75",10287,82
16-Dec-19,EQ,"1,488.00","1,512.35","1,464.65","1,490.60","1,475.20","1,473.40","1,495.43","1,595.50","1,102.00",261216,"390,629,079.75",6997,83
17-Dec-19,EQ,"1,503.00","1,643.30","1,492.05","1,473.40","1,605.15","1,604.95","1,590.08","1,643.30","1,102.00",4180592,"6,647,459,530.25",147052,84
18-Dec-19,EQ,"1,604.45","1,628.90","1,580.00","1,604.95","1,595.00","1,602.60","1,607.92","1,643.30","1,102.00",2154599,"3,464,421,812.50",72876,85
19-Dec-19,EQ,"1,587.00","1,606.20","1,575.20","1,602.60","1,577.90","1,580.35","1,587.26","1,643.30","1,102.00",534903,"849,030,997.20",16718,86
20-Dec-19,EQ,"1,583.00","1,602.00","1,567.65","1,580.35","1,583.30","1,582.80","1,581.44","1,643.30","1,102.00",548840,"867,958,211.85",18674,87
23-Dec-19,EQ,"1,580.00","1,604.95","1,572.40","1,582.80","1,579.00","1,578.55","1,587.74","1,643.30","1,102.00",440209,"698,936,107.00",14535,88
24-Dec-19,EQ,"1,564.00","1,626.40","1,556.60","1,578.55","1,604.00","1,597.85","1,600.79","1,643.30","1,102.00",2916222,"4,668,261,423.25",81813,89
26-Dec-19,EQ,"1,615.00","1,619.95","1,601.00","1,597.85","1,610.00","1,609.20","1,609.75","1,643.30","1,102.00",893767,"1,438,740,715.50",33249,90
27-Dec-19,EQ,"1,612.00","1,619.95","1,579.40","1,609.20","1,581.00","1,583.05","1,591.04","1,643.30","1,102.00",467070,"743,125,383.70",14180,91
30-Dec-19,EQ,"1,581.00","1,601.00","1,581.00","1,583.05","1,584.00","1,586.40","1,590.13","1,643.30","1,109.30",300609,"478,008,008.20",7201,92
31-Dec-19,EQ,"1,584.00","1,601.45","1,578.55","1,586.40","1,587.00","1,589.85","1,588.52","1,643.30","1,109.30",247638,"393,377,346.25",6555,93
1-Jan-20,EQ,"1,589.85","1,597.90","1,573.20","1,589.85","1,580.00","1,578.20","1,587.40","1,643.30","1,109.30",154125,"244,657,714.65",4334,94
2-Jan-20,EQ,"1,581.75","1,588.40","1,573.05","1,578.20","1,579.00","1,579.50","1,579.62","1,643.30","1,109.30",163571,"258,380,588.10",6466,95
3-Jan-20,EQ,"1,582.00","1,640.00","1,582.00","1,579.50","1,626.05","1,630.95","1,626.92","1,643.30","1,109.30",1181414,"1,922,071,656.55",42299,96
6-Jan-20,EQ,"1,626.95","1,661.00","1,621.15","1,630.95","1,654.00","1,647.75","1,646.87","1,661.00","1,122.10",983061,"1,618,973,101.75",40946,97
7-Jan-20,EQ,"1,659.00","1,666.00","1,645.55","1,647.75","1,659.80","1,655.75","1,657.77","1,666.00","1,122.10",486953,"807,253,822.00",27465,98
8-Jan-20,EQ,"1,652.95","1,777.00","1,645.00","1,655.75","1,765.00","1,726.55","1,694.48","1,777.00","1,122.10",1233375,"2,089,929,484.05",55459,99
9-Jan-20,EQ,"1,740.00","1,778.00","1,726.90","1,726.55","1,750.60","1,753.65","1,740.45","1,778.00","1,122.10",826968,"1,439,296,242.25",25274,100
10-Jan-20,EQ,"1,747.85","1,764.90","1,711.05","1,753.65","1,716.00","1,725.50","1,738.64","1,778.00","1,122.10",450735,"783,664,772.40",18274,101
13-Jan-20,EQ,"1,724.90","1,789.95","1,712.10","1,725.50","1,783.00","1,774.75","1,760.35","1,789.95","1,147.20",536820,"944,993,498.70",23648,102
14-Jan-20,EQ,"1,774.50","1,818.00","1,765.40","1,774.75","1,806.05","1,807.00","1,799.28","1,818.00","1,147.20",687344,"1,236,723,007.05",18931,103
15-Jan-20,EQ,"1,805.00","1,819.90","1,775.00","1,807.00","1,798.05","1,804.55","1,809.98","1,819.90","1,147.20",438185,"793,104,329.15",13018,104
16-Jan-20,EQ,"1,804.00","1,804.45","1,765.80","1,804.55","1,782.95","1,782.95","1,785.14","1,819.90","1,147.20",323490,"577,473,848.55",12045,105
17-Jan-20,EQ,"1,782.00","1,818.90","1,777.80","1,782.95","1,798.00","1,799.10","1,797.02","1,819.90","1,147.20",263017,"472,645,970.50",8737,106
20-Jan-20,EQ,"1,803.00","1,805.00","1,773.95","1,799.10","1,776.50","1,781.20","1,789.42","1,819.90","1,178.10",134513,"240,700,686.55",4497,107
21-Jan-20,EQ,"1,787.40","1,818.00","1,775.15","1,781.20","1,801.00","1,801.65","1,802.45","1,819.90","1,178.10",374093,"674,285,763.20",13009,108
22-Jan-20,EQ,"1,803.30","1,896.00","1,801.75","1,801.65","1,864.00","1,872.65","1,856.55","1,896.00","1,178.10",1210892,"2,248,085,775.95",34571,109
23-Jan-20,EQ,"1,872.00","2,059.50","1,857.40","1,872.65","2,043.00","1,979.05","1,923.79","2,059.50","1,178.10",1207141,"2,322,281,470.25",33993,110
24-Jan-20,EQ,"1,976.10","1,979.05","1,900.15","1,979.05","1,927.20","1,932.05","1,936.75","2,059.50","1,178.10",1196651,"2,317,610,084.65",47704,111
27-Jan-20,EQ,"1,929.00","1,957.00","1,912.00","1,932.05","1,944.00","1,948.85","1,939.75","2,059.50","1,178.10",428335,"830,861,181.35",14568,112
28-Jan-20,EQ,"1,951.00","2,034.00","1,950.00","1,948.85","2,005.00","2,009.10","2,009.93","2,059.50","1,178.10",1231656,"2,475,543,069.55",38647,113
29-Jan-20,EQ,"2,009.10","2,042.55","1,921.00","2,009.10","1,922.95","1,941.05","1,977.71","2,059.50","1,178.10",1845201,"3,649,273,547.05",69946,114
30-Jan-20,EQ,"1,935.00","1,935.00","1,832.05","1,941.05","1,863.60","1,849.00","1,872.11","2,059.50","1,178.10",1514678,"2,835,642,660.85",53593,115
31-Jan-20,EQ,"1,865.00","1,964.60","1,854.05","1,849.00","1,933.35","1,942.45","1,916.97","2,059.50","1,178.10",1129204,"2,164,654,236.20",34787,116
1-Feb-20,EQ,"1,929.00","1,929.00","1,845.00","1,942.45","1,880.55","1,876.55","1,886.29","2,059.50","1,178.10",450704,"850,156,772.40",17705,117
3-Feb-20,EQ,"1,879.90","1,917.90","1,868.75","1,876.55","1,881.05","1,885.40","1,894.51","2,059.50","1,178.10",341567,"647,102,583.95",15136,118
4-Feb-20,EQ,"1,899.90","1,950.00","1,897.60","1,885.40","1,921.35","1,922.60","1,929.14","2,059.50","1,178.10",458477,"884,465,977.15",16733,119
5-Feb-20,EQ,"1,929.95","1,970.70","1,921.35","1,922.60","1,938.05","1,935.45","1,941.43","2,059.50","1,178.10",366975,"712,454,637.00",12316,120
6-Feb-20,EQ,"1,953.00","1,956.95","1,880.45","1,935.45","1,915.00","1,899.50","1,920.45","2,059.50","1,178.10",244162,"468,900,193.60",9764,121
7-Feb-20,EQ,"1,910.80","1,938.00","1,876.20","1,899.50","1,880.15","1,885.75","1,897.97","2,059.50","1,178.10",364726,"692,237,254.40",17847,122
10-Feb-20,EQ,"1,890.00","1,896.00","1,833.05","1,885.75","1,858.25","1,857.95","1,854.15","2,059.50","1,178.10",268670,"498,155,067.70",10845,123
11-Feb-20,EQ,"1,861.85","1,881.90","1,823.30","1,857.95","1,828.00","1,830.40","1,842.52","2,059.50","1,178.10",233960,"431,076,370.90",10523,124
12-Feb-20,EQ,"1,836.00","1,857.20","1,781.20","1,830.40","1,830.15","1,833.65","1,818.81","2,059.50","1,178.10",490258,"891,683,762.15",20101,125
13-Feb-20,EQ,"1,832.00","1,837.50","1,800.00","1,833.65","1,822.00","1,820.20","1,824.73","2,059.50","1,178.10",620623,"1,132,468,174.00",19247,126
14-Feb-20,EQ,"1,825.00","1,869.30","1,825.00","1,820.20","1,831.95","1,835.65","1,847.88","2,059.50","1,178.10",453478,"837,974,550.00",20979,127
17-Feb-20,EQ,"1,846.45","1,855.90","1,792.85","1,835.65","1,826.05","1,824.20","1,818.09","2,059.50","1,178.10",208806,"379,629,022.70",10496,128
18-Feb-20,EQ,"1,827.90","1,853.70","1,806.00","1,824.20","1,850.00","1,848.55","1,836.26","2,059.50","1,178.10",278478,"511,357,180.25",11512,129
19-Feb-20,EQ,"1,850.55","1,908.90","1,844.55","1,848.55","1,880.00","1,882.60","1,883.08","2,059.50","1,178.10",666656,"1,255,365,689.35",26415,130
20-Feb-20,EQ,"1,885.05","1,913.85","1,845.05","1,882.60","1,852.90","1,854.40","1,884.17","2,059.50","1,178.10",511083,"962,967,836.30",18700,131
24-Feb-20,EQ,"1,854.45","1,869.35","1,829.15","1,854.40","1,837.65","1,838.80","1,845.40","2,059.50","1,178.10",266476,"491,754,905.85",10508,132
25-Feb-20,EQ,"1,848.40","1,904.70","1,841.40","1,838.80","1,895.00","1,889.40","1,886.07","2,059.50","1,178.10",710576,"1,340,193,729.90",32432,133
26-Feb-20,EQ,"1,895.00","1,910.00","1,853.00","1,889.40","1,888.30","1,889.85","1,885.93","2,059.50","1,178.10",550885,"1,038,928,404.95",25274,134
27-Feb-20,EQ,"1,875.85","1,908.95","1,860.60","1,889.85","1,879.95","1,885.80","1,878.97","2,059.50","1,178.10",369349,"693,994,468.25",15452,135
28-Feb-20,EQ,"1,820.00","1,874.00","1,667.55","1,885.80","1,675.00","1,689.75","1,763.22","2,059.50","1,178.10",791185,"1,395,031,794.15",36150,136
2-Mar-20,EQ,"1,697.00","1,857.45","1,697.00","1,689.75","1,797.20","1,790.65","1,798.64","2,059.50","1,178.10",1411779,"2,539,286,709.75",60122,137
3-Mar-20,EQ,"1,808.60","1,917.10","1,806.15","1,790.65","1,887.50","1,901.70","1,888.01","2,059.50","1,178.10",1483311,"2,800,507,931.45",55028,138
4-Mar-20,EQ,"1,906.40","1,985.75","1,792.20","1,901.70","1,837.00","1,830.65","1,849.87","2,059.50","1,178.10",905618,"1,675,276,813.20",38702,139
5-Mar-20,EQ,"1,830.00","1,880.00","1,796.60","1,830.65","1,825.00","1,827.65","1,833.93","2,059.50","1,178.10",435452,"798,587,352.70",18297,140
6-Mar-20,EQ,"1,800.00","1,801.35","1,736.65","1,827.65","1,787.95","1,788.05","1,764.54","2,059.50","1,178.10",414794,"731,920,778.85",23382,141
9-Mar-20,EQ,"1,765.00","1,770.00","1,631.65","1,788.05","1,667.00","1,660.90","1,676.93","2,059.50","1,178.10",422301,"708,170,118.00",21279,142
11-Mar-20,EQ,"1,667.00","1,668.00","1,595.10","1,660.90","1,613.00","1,625.90","1,631.17","2,059.50","1,178.10",478474,"780,470,777.50",27831,143
12-Mar-20,EQ,"1,479.55","1,551.30","1,401.65","1,625.90","1,445.00","1,439.65","1,469.59","2,059.50","1,178.10",478545,"703,266,589.25",38148,144
13-Mar-20,EQ,"1,296.00","1,571.05","1,252.10","1,439.65","1,412.10","1,378.70","1,386.38","2,059.50","1,178.10",400395,"555,101,141.45",29192,145
16-Mar-20,EQ,"1,291.00","1,341.95","1,228.25","1,378.70","1,230.20","1,239.55","1,281.75","2,059.50","1,178.10",277815,"356,088,649.00",21954,146
17-Mar-20,EQ,"1,232.10","1,260.00","1,170.00","1,239.55","1,193.25","1,181.90","1,212.03","2,059.50","1,170.00",465562,"564,274,118.60",22971,147
18-Mar-20,EQ,"1,189.25","1,209.95","1,102.05","1,181.90","1,107.35","1,119.25","1,129.67","2,059.50","1,102.05",432196,"488,240,136.50",37034,148
19-Mar-20,EQ,"1,064.00","1,099.80",905.55,"1,119.25","1,040.50","1,035.85","1,000.83","2,059.50",905.55,863244,"863,964,065.35",74153,149
20-Mar-20,EQ,"1,139.00","1,165.00",994.4,"1,035.85","1,139.95","1,143.15","1,114.09","2,059.50",905.55,646910,"720,714,379.20",35390,150
23-Mar-20,EQ,"1,030.00","1,074.95",857.4,"1,143.15",861,864.2,941.46,"2,059.50",857.4,248231,"233,699,463.25",20635,151
24-Mar-20,EQ,911.85,"1,080.25",735.35,864.2,"1,080.25","1,018.95",870.53,"2,059.50",735.35,1063694,"925,975,992.05",52362,152
25-Mar-20,EQ,986,"1,273.65",970.05,"1,018.95","1,273.65","1,242.95","1,138.03","2,059.50",735.35,843375,"959,784,403.55",52028,153
26-Mar-20,EQ,"1,253.20","1,367.20","1,150.10","1,242.95","1,166.00","1,169.20","1,255.38","2,059.50",735.35,1257919,"1,579,160,831.15",92464,154
27-Mar-20,EQ,"1,180.00","1,275.00","1,160.50","1,169.20","1,201.00","1,201.25","1,220.87","2,059.50",735.35,663879,"810,508,417.80",50127,155
30-Mar-20,EQ,"1,150.00","1,201.00","1,103.15","1,201.25","1,166.00","1,131.15","1,140.65","2,059.50",735.35,533300,"608,310,215.00",43128,156
31-Mar-20,EQ,"1,201.00","1,217.00","1,131.35","1,131.15","1,147.15","1,147.75","1,162.59","2,059.50",735.35,330841,"384,633,886.75",27599,157
1-Apr-20,EQ,"1,135.00","1,205.00","1,066.40","1,147.75","1,179.00","1,164.10","1,128.58","2,059.50",735.35,337957,"381,412,909.00",20686,158
3-Apr-20,EQ,"1,171.10","1,182.00","1,011.05","1,164.10","1,035.00","1,037.55","1,093.20","2,059.50",735.35,512848,"560,644,958.90",34119,159
7-Apr-20,EQ,"1,071.00","1,116.15","1,042.00","1,037.55","1,104.00","1,102.55","1,091.81","2,059.50",735.35,328969,"359,171,535.30",23827,160
8-Apr-20,EQ,"1,100.00","1,159.30","1,062.50","1,102.55","1,107.00","1,101.00","1,110.59","2,059.50",735.35,350000,"388,704,938.70",28258,161
9-Apr-20,EQ,"1,116.15","1,151.50","1,104.00","1,101.00","1,110.00","1,110.85","1,121.97","2,059.50",735.35,259795,"291,481,649.25",24620,162
13-Apr-20,EQ,"1,100.00","1,110.00","1,061.35","1,110.85","1,075.00","1,075.35","1,081.65","2,059.50",735.35,210552,"227,743,209.55",13579,163
15-Apr-20,EQ,"1,115.00","1,131.00","1,071.40","1,075.35","1,092.00","1,092.30","1,097.38","2,059.50",735.35,506393,"555,707,261.60",28642,164
16-Apr-20,EQ,"1,080.00","1,115.00","1,054.20","1,092.30","1,076.65","1,079.10","1,078.45","2,059.50",735.35,452690,"488,204,037.85",31609,165
17-Apr-20,EQ,"1,101.00","1,164.50","1,101.00","1,079.10","1,120.00","1,112.20","1,127.80","2,059.50",735.35,475932,"536,754,603.10",23501,166
20-Apr-20,EQ,"1,125.00","1,136.90","1,080.00","1,112.20","1,084.75","1,088.35","1,101.47","2,059.50",735.35,525659,"578,998,154.50",27737,167
21-Apr-20,EQ,"1,075.00","1,075.00","1,028.50","1,088.35","1,042.20","1,040.85","1,044.74","2,059.50",735.35,349913,"365,566,387.95",22009,168
22-Apr-20,EQ,"1,042.00","1,099.00","1,019.40","1,040.85","1,095.00","1,080.75","1,057.61","2,059.50",735.35,378375,"400,174,061.55",32157,169
23-Apr-20,EQ,"1,083.50","1,220.15","1,083.50","1,080.75","1,177.80","1,178.65","1,170.87","2,059.50",735.35,864933,"1,012,723,521.40",44064,170
24-Apr-20,EQ,"1,181.00","1,199.00","1,085.25","1,178.65","1,113.00","1,116.10","1,132.83","2,059.50",735.35,945001,"1,070,524,418.40",36041,171
27-Apr-20,EQ,"1,130.00","1,173.80","1,078.30","1,116.10","1,121.55","1,121.50","1,123.04","2,059.50",735.35,1040984,"1,169,069,260.45",35616,172
28-Apr-20,EQ,"1,140.00","1,215.90","1,136.75","1,121.50","1,177.00","1,178.90","1,182.62","2,059.50",735.35,1442053,"1,705,402,682.40",66827,173
29-Apr-20,EQ,"1,185.00","1,247.00","1,161.75","1,178.90","1,179.85","1,181.85","1,215.60","2,059.50",735.35,1396991,"1,698,186,078.45",63181,174
30-Apr-20,EQ,"1,205.00","1,245.45","1,192.90","1,181.85","1,205.00","1,203.45","1,224.41","2,059.50",735.35,657726,"805,326,214.70",32915,175
4-May-20,EQ,"1,166.00","1,225.00","1,152.10","1,203.45","1,183.00","1,181.50","1,195.41","2,059.50",735.35,900476,"1,076,435,161.75",50161,176
5-May-20,EQ,"1,205.00","1,235.00","1,174.75","1,181.50","1,200.00","1,189.75","1,206.70","2,059.50",735.35,801208,"966,817,866.35",41306,177
6-May-20,EQ,"1,234.90","1,448.00","1,225.50","1,189.75","1,415.05","1,418.80","1,357.16","2,059.50",735.35,5148456,"6,987,264,922.20",253708,178
7-May-20,EQ,"1,401.00","1,414.35","1,350.15","1,418.80","1,365.50","1,373.85","1,375.32","2,059.50",735.35,1354819,"1,863,312,561.50",61061,179
8-May-20,EQ,"1,385.00","1,431.95","1,360.10","1,373.85","1,400.00","1,402.55","1,407.33","2,059.50",735.35,1296521,"1,824,634,327.15",66799,180
11-May-20,EQ,"1,405.05","1,465.95","1,400.00","1,402.55","1,450.00","1,436.60","1,434.96","2,059.50",735.35,821363,"1,178,621,949.30",52559,181
12-May-20,EQ,"1,420.00","1,454.90","1,396.10","1,436.60","1,427.10","1,431.00","1,429.47","2,059.50",735.35,649246,"928,080,350.50",43251,182
13-May-20,EQ,"1,488.00","1,488.00","1,408.05","1,431.00","1,418.50","1,419.25","1,429.77","2,059.50",735.35,395733,"565,806,614.55",24678,183
14-May-20,EQ,"1,401.00","1,404.95","1,326.15","1,419.25","1,348.00","1,345.40","1,361.02","2,059.50",735.35,435909,"593,283,041.25",26169,184
15-May-20,EQ,"1,354.95","1,375.00","1,334.10","1,345.40","1,359.00","1,358.65","1,355.63","2,059.50",735.35,361711,"490,345,792.70",22584,185
18-May-20,EQ,"1,369.85","1,390.95","1,330.20","1,358.65","1,349.00","1,344.35","1,364.94","2,059.50",735.35,746100,"1,018,380,213.90",35186,186
19-May-20,EQ,"1,354.25","1,407.00","1,348.55","1,344.35","1,372.70","1,373.80","1,382.92","2,059.50",735.35,700013,"968,058,590.40",35799,187
20-May-20,EQ,"1,375.00","1,424.00","1,370.00","1,373.80","1,415.00","1,415.15","1,406.07","2,059.50",735.35,456700,"642,152,219.65",34459,188
21-May-20,EQ,"1,416.00","1,452.00","1,396.00","1,415.15","1,440.10","1,442.25","1,429.67","2,059.50",735.35,439237,"627,961,872.05",19069,189
22-May-20,EQ,"1,451.00","1,573.00","1,450.00","1,442.25","1,497.40","1,507.05","1,529.92","2,059.50",735.35,2494242,"3,815,986,851.95",94574,190
26-May-20,EQ,"1,481.15","1,526.35","1,462.20","1,507.05","1,480.55","1,485.50","1,490.68","2,059.50",735.35,598598,"892,318,537.10",25206,191
27-May-20,EQ,"1,486.00","1,513.65","1,468.00","1,485.50","1,493.05","1,493.85","1,496.31","2,059.50",735.35,650795,"973,789,322.80",30650,192
28-May-20,EQ,"1,499.05","1,511.35","1,456.95","1,493.85","1,480.00","1,472.90","1,475.31","2,059.50",735.35,472137,"696,546,679.70",21742,193
29-May-20,EQ,"1,478.40","1,497.00","1,445.15","1,472.90","1,451.00","1,451.70","1,468.21","2,059.50",735.35,547199,"803,403,680.00",24297,194
1-Jun-20,EQ,"1,461.10","1,503.00","1,446.50","1,451.70","1,453.80","1,450.95","1,472.55","2,059.50",735.35,626997,"923,284,428.25",32582,195
2-Jun-20,EQ,"1,465.60","1,486.60","1,448.50","1,450.95","1,463.90","1,457.60","1,468.32","2,059.50",735.35,457703,"672,052,439.50",32010,196
3-Jun-20,EQ,"1,478.00","1,488.00","1,440.50","1,457.60","1,446.95","1,444.15","1,463.48","2,059.50",735.35,627622,"918,509,744.35",20176,197
4-Jun-20,EQ,"1,444.15","1,459.85","1,430.15","1,444.15","1,453.15","1,445.30","1,444.91","2,059.50",735.35,368932,"533,072,325.25",20932,198
5-Jun-20,EQ,"1,454.00","1,517.90","1,451.05","1,445.30","1,472.00","1,468.15","1,492.55","2,059.50",735.35,1153845,"1,722,171,601.65",56250,199
8-Jun-20,EQ,"1,480.00","1,501.95","1,443.20","1,468.15","1,451.00","1,450.40","1,473.48","2,059.50",735.35,313359,"461,727,359.40",17022,200
9-Jun-20,EQ,"1,459.80","1,467.05","1,381.70","1,450.40","1,412.85","1,414.30","1,425.98","2,059.50",735.35,645680,"920,725,872.45",39080,201
10-Jun-20,EQ,"1,425.15","1,434.90","1,389.25","1,414.30","1,408.00","1,404.55","1,409.73","2,059.50",735.35,375893,"529,906,795.15",20665,202
11-Jun-20,EQ,"1,406.90","1,418.75","1,353.05","1,404.55","1,365.00","1,366.30","1,380.31","2,059.50",735.35,300744,"415,120,984.55",19121,203
12-Jun-20,EQ,"1,302.00","1,354.00","1,302.00","1,366.30","1,339.25","1,343.15","1,331.05","2,059.50",735.35,302615,"402,795,428.35",18060,204
15-Jun-20,EQ,"1,345.00","1,378.00","1,324.50","1,343.15","1,330.00","1,332.95","1,347.76","2,059.50",735.35,320523,"431,987,483.20",14046,205
16-Jun-20,EQ,"1,351.00","1,369.80","1,328.05","1,332.95","1,341.40","1,347.20","1,351.18","2,059.50",735.35,254767,"344,236,238.15",16488,206
17-Jun-20,EQ,"1,335.50","1,368.00","1,322.00","1,347.20","1,335.00","1,338.05","1,350.07","2,059.50",735.35,244650,"330,294,996.35",16139,207
18-Jun-20,EQ,"1,338.05","1,397.95","1,334.40","1,338.05","1,372.60","1,370.05","1,372.27","2,059.50",735.35,509157,"698,702,603.70",28827,208
19-Jun-20,EQ,"1,384.25","1,386.30","1,321.50","1,370.05","1,324.35","1,330.75","1,339.21","2,059.50",735.35,755958,"1,012,387,228.55",20430,209
22-Jun-20,EQ,"1,332.60","1,356.00","1,326.85","1,330.75","1,336.50","1,336.55","1,341.68","2,059.50",735.35,353450,"474,215,057.40",20030,210
23-Jun-20,EQ,"1,335.00","1,375.00","1,328.10","1,336.55","1,371.00","1,369.30","1,357.65","2,059.50",735.35,448533,"608,949,983.90",34811,211
24-Jun-20,EQ,"1,380.00","1,432.70","1,354.90","1,369.30","1,391.60","1,387.90","1,392.92","2,059.50",735.35,902188,"1,256,674,054.00",33484,212
25-Jun-20,EQ,"1,362.60","1,386.70","1,352.00","1,387.90","1,380.00","1,378.55","1,371.59","2,059.50",735.35,683129,"936,971,658.00",38253,213
26-Jun-20,EQ,"1,390.00","1,506.00","1,388.00","1,378.55","1,465.95","1,461.70","1,470.49","2,059.50",735.35,2314144,"3,402,918,257.80",91912,214
29-Jun-20,EQ,"1,469.50","1,469.50","1,408.00","1,461.70","1,415.00","1,417.70","1,435.75","2,059.50",735.35,624987,"897,322,729.25",43377,215
30-Jun-20,EQ,"1,439.20","1,439.70","1,401.10","1,417.70","1,403.00","1,409.20","1,421.70","2,059.50",735.35,291679,"414,679,580.30",15347,216
1-Jul-20,EQ,"1,408.60","1,418.00","1,375.00","1,409.20","1,385.00","1,384.95","1,388.15","2,059.50",735.35,249512,"346,360,248.35",15325,217
2-Jul-20,EQ,"1,390.00","1,444.45","1,386.00","1,384.95","1,411.00","1,412.95","1,423.72","2,059.50",735.35,555304,"790,596,934.65",19700,218
3-Jul-20,EQ,"1,422.80","1,444.00","1,413.60","1,412.95","1,421.20","1,420.35","1,429.77","2,059.50",735.35,319136,"456,289,542.00",11567,219
6-Jul-20,EQ,"1,431.00","1,461.70","1,425.05","1,420.35","1,441.75","1,436.25","1,446.99","2,059.50",735.35,328947,"475,983,878.10",16355,220
7-Jul-20,EQ,"1,445.00","1,577.00","1,441.00","1,436.25","1,512.35","1,512.75","1,535.25","2,059.50",735.35,2654471,"4,075,278,025.10",117120,221
8-Jul-20,EQ,"1,516.35","1,548.80","1,490.70","1,512.75","1,538.00","1,538.80","1,525.64","2,059.50",735.35,749173,"1,142,965,343.50",35732,222
9-Jul-20,EQ,"1,540.00","1,617.00","1,540.00","1,538.80","1,570.00","1,567.50","1,580.28","2,059.50",735.35,1328636,"2,099,617,945.20",55438,223
10-Jul-20,EQ,"1,565.80","1,598.70","1,547.20","1,567.50","1,594.00","1,592.90","1,579.63","2,059.50",735.35,533168,"842,208,056.05",24530,224
13-Jul-20,EQ,"1,594.45","1,632.00","1,578.50","1,592.90","1,593.65","1,587.00","1,608.29","2,059.50",735.35,638391,"1,026,716,684.00",24983,225
14-Jul-20,EQ,"1,583.50","1,616.00","1,534.95","1,587.00","1,545.00","1,541.95","1,576.70","2,059.50",735.35,442787,"698,141,790.90",18904,226
15-Jul-20,EQ,"1,558.55","1,696.10","1,558.50","1,541.95","1,696.10","1,688.25","1,650.07","2,059.50",735.35,2087733,"3,444,912,956.65",68545,227
16-Jul-20,EQ,"1,710.70","1,760.00","1,621.10","1,688.25","1,646.00","1,652.75","1,683.37","2,059.50",735.35,1638194,"2,757,681,392.35",70714,228
17-Jul-20,EQ,"1,652.80","1,699.50","1,635.10","1,652.75","1,681.20","1,678.70","1,667.86","2,059.50",735.35,611274,"1,019,517,172.80",28254,229
20-Jul-20,EQ,"1,690.00","1,713.00","1,666.00","1,678.70","1,697.80","1,692.30","1,687.89","2,059.50",735.35,285365,"481,663,333.05",13579,230
21-Jul-20,EQ,"1,720.00","1,724.00","1,660.25","1,692.30","1,667.00","1,668.25","1,683.04","2,059.50",735.35,338345,"569,448,278.90",16080,231
22-Jul-20,EQ,"1,674.00","1,678.20","1,632.75","1,668.25","1,654.90","1,647.30","1,653.44","2,059.50",735.35,225606,"373,026,407.75",12278,232
23-Jul-20,EQ,"1,653.90","1,673.00","1,622.00","1,647.30","1,638.00","1,635.35","1,640.29","2,059.50",735.35,263689,"432,525,359.00",12782,233
24-Jul-20,EQ,"1,619.95","1,719.00","1,613.85","1,635.35","1,702.00","1,700.10","1,691.01","2,059.50",735.35,1191324,"2,014,540,856.20",46983,234
27-Jul-20,EQ,"1,710.00","1,802.95","1,693.80","1,700.10","1,766.25","1,769.55","1,762.14","2,059.50",735.35,1834311,"3,232,307,524.00",71804,235
28-Jul-20,EQ,"1,774.00","1,797.00","1,725.25","1,769.55","1,767.00","1,767.40","1,758.94","2,059.50",735.35,1077078,"1,894,520,124.75",44990,236
29-Jul-20,EQ,"1,811.00","1,894.25","1,772.55","1,767.40","1,858.10","1,862.85","1,852.22","2,059.50",735.35,2979732,"5,519,115,851.75",118177,237
30-Jul-20,EQ,"1,845.00","1,950.00","1,840.00","1,862.85","1,944.00","1,936.55","1,905.85","2,059.50",735.35,1366456,"2,604,259,434.40",54993,238
31-Jul-20,EQ,"1,932.00","1,969.00","1,886.90","1,936.55","1,930.00","1,926.20","1,931.93","2,059.50",735.35,1220905,"2,358,700,128.60",46539,239
3-Aug-20,EQ,"1,922.00","1,953.75","1,897.00","1,926.20","1,925.00","1,928.65","1,923.29","2,059.50",735.35,455332,"875,736,198.70",22229,240
4-Aug-20,EQ,"1,932.30","1,958.40","1,905.25","1,928.65","1,941.05","1,944.45","1,931.59","2,059.50",735.35,396028,"764,964,527.65",18212,241
5-Aug-20,EQ,"1,944.45","1,966.95","1,910.45","1,944.45","1,918.50","1,918.60","1,936.76","2,059.50",735.35,507874,"983,632,559.50",24961,242
6-Aug-20,EQ,"1,916.00","2,039.85","1,916.00","1,918.60","2,035.50","2,023.70","2,000.40","2,059.50",735.35,2105728,"4,212,298,502.90",83970,243
7-Aug-20,EQ,"2,020.00","2,036.60","1,971.15","2,023.70","1,988.00","1,988.85","1,994.73","2,059.50",735.35,805159,"1,606,071,307.10",44096,244
10-Aug-20,EQ,"1,995.00","2,017.10","1,980.00","1,988.85","1,984.45","1,989.15","1,997.07","2,059.50",735.35,278255,"555,695,493.60",12948,245
11-Aug-20,EQ,"2,000.00","2,079.00","1,964.05","1,989.15","1,975.95","1,977.80","2,031.02","2,079.00",735.35,1278515,"2,596,683,666.75",58901,246
12-Aug-20,EQ,"1,975.00","2,018.90","1,941.65","1,977.80","2,002.00","2,001.95","1,980.09","2,079.00",735.35,601923,"1,191,861,996.60",27449,247
13-Aug-20,EQ,"2,003.00","2,044.50","1,981.50","2,001.95","1,992.00","1,988.35","2,012.11","2,079.00",735.35,478535,"962,863,993.50",21367,248
14-Aug-20,EQ,"1,999.00","2,030.00","1,968.00","1,988.35","1,975.00","1,976.10","2,001.25","2,079.00",735.35,338524,"677,472,279.45",16494,249
17-Aug-20,EQ,"1,994.25","2,049.00","1,978.30","1,976.10","1,996.00","1,995.45","2,018.79","2,079.00",735.35,798426,"1,611,855,235.25",36114,250
18-Aug-20,EQ,"2,001.00","2,028.00","1,989.00","1,995.45","2,016.00","2,011.50","2,011.29","2,079.00",735.35,324744,"653,155,507.00",13083,251
19-Aug-20,EQ,"2,016.90","2,049.30","2,004.45","2,011.50","2,013.80","2,017.45","2,025.09","2,079.00",735.35,403938,"818,012,506.20",18419,252
20-Aug-20,EQ,"2,000.00","2,028.00","1,990.45","2,017.45","2,000.00","2,002.50","2,011.07","2,079.00",735.35,102303,"205,738,112.65",6617,253
21-Aug-20,EQ,"2,009.95","2,019.40","1,974.15","2,002.50","1,986.00","1,984.60","2,001.23","2,079.00",735.35,126598,"253,352,088.80",6214,254
24-Aug-20,EQ,"1,988.00","2,000.00","1,945.40","1,984.60","1,957.00","1,955.45","1,965.86","2,079.00",735.35,140538,"276,277,970.15",8461,255
25-Aug-20,EQ,"1,958.00","1,973.25","1,931.60","1,955.45","1,937.65","1,943.55","1,953.12","2,079.00",735.35,113506,"221,690,811.95",9262,256
26-Aug-20,EQ,"1,950.00","1,958.60","1,920.15","1,943.55","1,952.95","1,950.10","1,941.31","2,079.00",735.35,102513,"199,009,562.00",5538,257
27-Aug-20,EQ,"1,970.00","1,975.00","1,934.00","1,950.10","1,948.00","1,940.15","1,949.36","2,079.00",735.35,149884,"292,177,360.20",9540,258
28-Aug-20,EQ,"1,945.20","2,024.45","1,945.20","1,940.15","2,007.00","2,001.45","1,972.92","2,079.00",735.35,156148,"308,067,311.20",11343,259
31-Aug-20,EQ,"2,020.00","2,035.00","1,910.10","2,001.45","1,931.85","1,924.00","1,974.15","2,079.00",735.35,190664,"376,398,951.20",10108,260
1-Sep-20,EQ,"1,933.50","1,949.95","1,880.50","1,924.00","1,895.00","1,891.00","1,910.43","2,079.00",735.35,113377,"216,598,715.35",7952,261
2-Sep-20,EQ,"1,895.00","1,959.90","1,892.50","1,891.00","1,959.90","1,945.95","1,925.30","2,079.00",735.35,83162,"160,111,426.35",5556,262
3-Sep-20,EQ,"1,965.20","1,992.55","1,942.25","1,945.95","1,966.00","1,960.45","1,971.39","2,079.00",735.35,153257,"302,129,653.95",9902,263
4-Sep-20,EQ,"1,921.00","1,974.70","1,910.90","1,960.45","1,921.90","1,919.10","1,937.30","2,079.00",735.35,83977,"162,688,754.15",6310,264
7-Sep-20,EQ,"1,922.00","1,947.15","1,885.00","1,919.10","1,917.85","1,922.50","1,910.36","2,079.00",735.35,79638,"152,137,040.15",5264,265
8-Sep-20,EQ,"1,932.00","1,984.90","1,910.00","1,922.50","1,940.70","1,944.15","1,954.84","2,079.00",735.35,225447,"440,712,191.00",13341,266
9-Sep-20,EQ,"1,938.00","1,938.00","1,897.00","1,944.15","1,910.00","1,909.75","1,915.41","2,079.00",735.35,94690,"181,370,495.25",6204,267
10-Sep-20,EQ,"1,923.00","1,933.15","1,887.90","1,909.75","1,920.00","1,911.75","1,908.43","2,079.00",735.35,86090,"164,296,335.90",8046,268
11-Sep-20,EQ,"1,915.00","2,102.90","1,915.00","1,911.75","2,084.40","2,090.60","2,053.12","2,102.90",735.35,1772918,"3,640,010,863.85",81910,269
14-Sep-20,EQ,"2,087.30","2,190.15","2,062.80","2,090.60","2,153.15","2,154.70","2,141.61","2,190.15",735.35,1091182,"2,336,885,268.50",54708,270
15-Sep-20,EQ,"2,155.00","2,173.25","2,125.00","2,154.70","2,139.05","2,144.85","2,149.31","2,190.15",735.35,354351,"761,611,219.40",23010,271
16-Sep-20,EQ,"2,140.00","2,199.70","2,131.55","2,144.85","2,185.00","2,181.55","2,164.14","2,199.70",735.35,254580,"550,947,621.00",17153,272
17-Sep-20,EQ,"2,178.00","2,272.00","2,156.20","2,181.55","2,250.20","2,257.70","2,234.91","2,272.00",735.35,691066,"1,544,472,838.55",35917,273
18-Sep-20,EQ,"2,249.00","2,249.00","2,184.00","2,257.70","2,203.35","2,193.70","2,204.76","2,272.00",735.35,293783,"647,719,793.10",19158,274
21-Sep-20,EQ,"2,205.00","2,265.50","2,083.70","2,193.70","2,103.00","2,102.75","2,215.74","2,272.00",735.35,743398,"1,647,179,715.75",39899,275
22-Sep-20,EQ,"2,105.00","2,200.00","2,057.40","2,102.75","2,169.00","2,161.30","2,140.48","2,272.00",735.35,507668,"1,086,655,180.45",28455,276
23-Sep-20,EQ,"2,190.00","2,242.00","2,150.00","2,161.30","2,227.00","2,223.40","2,209.43","2,272.00",735.35,580960,"1,283,593,266.25",31284,277
24-Sep-20,EQ,"2,210.00","2,215.55","2,099.30","2,223.40","2,112.05","2,114.45","2,162.49","2,272.00",735.35,297312,"642,934,593.25",17386,278
25-Sep-20,EQ,"2,135.00","2,325.85","2,114.45","2,114.45","2,305.00","2,304.35","2,251.18","2,325.85",735.35,1170054,"2,634,003,949.75",59184,279
28-Sep-20,EQ,"2,328.05","2,393.00","2,301.20","2,304.35","2,382.85","2,384.00","2,351.86","2,393.00",735.35,625090,"1,470,126,097.15",36175,280
29-Sep-20,EQ,"2,395.00","2,420.00","2,316.00","2,384.00","2,329.65","2,330.85","2,370.84","2,420.00",735.35,428105,"1,014,970,584.30",36021,281
30-Sep-20,EQ,"2,340.00","2,347.95","2,280.00","2,330.85","2,318.00","2,322.20","2,316.37","2,420.00",735.35,331363,"767,560,245.20",29182,282
1-Oct-20,EQ,"2,338.00","2,356.00","2,305.00","2,322.20","2,335.70","2,335.80","2,333.06","2,420.00",735.35,305728,"713,281,049.60",28709,283
5-Oct-20,EQ,"2,354.80","2,438.95","2,330.35","2,335.80","2,341.85","2,345.10","2,379.13","2,438.95",735.35,558324,"1,328,327,580.40",50520,284
6-Oct-20,EQ,"2,354.50","2,414.80","2,322.00","2,345.10","2,411.10","2,403.60","2,371.44","2,438.95",735.35,411099,"974,894,768.20",31888,285
7-Oct-20,EQ,"2,405.00","2,429.00","2,351.45","2,403.60","2,403.80","2,395.40","2,382.85","2,438.95",735.35,244624,"582,901,662.45",18537,286
8-Oct-20,EQ,"2,450.00","2,554.90","2,437.25","2,395.40","2,473.95","2,467.35","2,497.45","2,554.90",735.35,1017006,"2,539,926,276.15",52167,287
9-Oct-20,EQ,"2,468.95","2,499.95","2,420.00","2,467.35","2,470.00","2,466.45","2,460.03","2,554.90",735.35,328969,"809,274,629.50",20916,288
12-Oct-20,EQ,"2,467.00","2,710.00","2,467.00","2,466.45","2,702.45","2,667.60","2,602.43","2,710.00",735.35,1741341,"4,531,717,564.60",74860,289
13-Oct-20,EQ,"2,677.70","2,814.00","2,642.00","2,667.60","2,785.80","2,797.50","2,732.25","2,814.00",735.35,1700016,"4,644,872,257.15",74261,290
14-Oct-20,EQ,"2,701.25","2,767.20","2,595.00","2,797.50","2,601.95","2,606.70","2,671.93","2,814.00",735.35,1356657,"3,624,892,327.05",76091,291
15-Oct-20,EQ,"2,631.00","2,649.80","2,483.05","2,606.70","2,502.00","2,508.65","2,551.66","2,814.00",735.35,1055096,"2,692,245,709.55",52138,292
16-Oct-20,EQ,"2,528.00","2,598.00","2,467.25","2,508.65","2,582.95","2,577.20","2,543.44","2,814.00",735.35,1066656,"2,712,978,093.65",51176,293
19-Oct-20,EQ,"2,588.00","2,627.75","2,518.00","2,577.20","2,531.00","2,543.45","2,572.44","2,814.00",735.35,691197,"1,778,066,143.30",37093,294
20-Oct-20,EQ,"2,536.00","2,635.90","2,523.15","2,543.45","2,574.80","2,576.00","2,583.92","2,814.00",735.35,810729,"2,094,861,586.65",38297,295
21-Oct-20,EQ,"2,582.00","2,618.50","2,480.55","2,576.00","2,510.00","2,511.60","2,563.89","2,814.00",735.35,640089,"1,641,116,664.10",31918,296
22-Oct-20,EQ,"2,521.05","2,563.30","2,433.15","2,511.60","2,479.70","2,456.65","2,489.76","2,814.00",735.35,751377,"1,870,749,140.20",41135,297
23-Oct-20,EQ,"2,500.00","2,533.95","2,340.00","2,456.65","2,369.80","2,380.10","2,419.26","2,814.00",735.35,1667509,"4,034,132,517.65",86735,298
26-Oct-20,EQ,"2,365.00","2,399.15","2,181.50","2,380.10","2,196.75","2,212.15","2,284.62","2,814.00",735.35,6184703,"14,129,693,856.80",115983,299
27-Oct-20,EQ,"2,180.00","2,273.00","2,178.40","2,212.15","2,225.00","2,228.70","2,239.07","2,814.00",735.35,1004134,"2,248,322,173.75",53380,300
28-Oct-20,EQ,"2,228.70","2,280.00","2,220.00","2,228.70","2,235.00","2,242.30","2,255.39","2,814.00",735.35,554290,"1,250,141,917.55",30010,301
29-Oct-20,EQ,"2,235.00","2,255.80","2,170.00","2,242.30","2,211.00","2,200.70","2,217.13","2,814.00",735.35,635824,"1,409,704,153.25",27989,302
30-Oct-20,EQ,"2,209.00","2,278.80","2,165.55","2,200.70","2,202.00","2,205.65","2,226.03","2,814.00",735.35,800257,"1,781,394,442.85",41989,303
2-Nov-20,EQ,"2,205.00","2,226.05","2,101.95","2,205.65","2,115.45","2,117.90","2,144.44","2,814.00",735.35,429330,"920,670,961.20",24148,304
3-Nov-20,EQ,"2,133.90","2,171.50","2,077.50","2,117.90","2,134.30","2,129.55","2,130.66","2,814.00",735.35,688573,"1,467,114,092.20",36716,305
4-Nov-20,EQ,"2,142.10","2,229.40","2,142.05","2,129.55","2,182.00","2,183.75","2,192.04","2,814.00",735.35,832575,"1,825,036,426.55",43501,306
5-Nov-20,EQ,"2,222.00","2,229.00","2,180.00","2,183.75","2,193.00","2,197.75","2,205.54","2,814.00",735.35,357307,"788,053,552.65",18076,307
6-Nov-20,EQ,"2,209.25","2,222.80","2,180.70","2,197.75","2,217.10","2,218.05","2,207.63","2,814.00",735.35,391952,"865,283,988.60",19636,308
9-Nov-20,EQ,"2,246.30","2,339.00","2,226.25","2,218.05","2,330.00","2,330.15","2,294.05","2,814.00",735.35,1026412,"2,354,641,613.15",44580,309
10-Nov-20,EQ,"2,340.00","2,346.00","2,210.70","2,330.15","2,222.10","2,223.90","2,252.61","2,814.00",735.35,758606,"1,708,846,575.65",43493,310
11-Nov-20,EQ,"2,224.00","2,301.75","2,214.25","2,223.90","2,291.25","2,289.70","2,260.14","2,814.00",735.35,570470,"1,289,341,100.60",37618,311
12-Nov-20,EQ,"2,276.00","2,354.50","2,237.00","2,289.70","2,333.00","2,335.25","2,324.50","2,814.00",735.35,706611,"1,642,514,305.05",32650,312
13-Nov-20,EQ,"2,328.00","2,358.70","2,284.00","2,335.25","2,307.90","2,304.30","2,309.88","2,814.00",735.35,386871,"893,627,237.55",22404,313
14-Nov-20,EQ,"2,319.90","2,341.20","2,306.00","2,304.30","2,318.30","2,318.95","2,325.88","2,814.00",735.35,45252,"105,250,841.70",3421,314
17-Nov-20,EQ,"2,329.00","2,329.00","2,272.35","2,318.95","2,309.00","2,303.90","2,296.66","2,814.00",735.35,273684,"628,560,273.35",21173,315
18-Nov-20,EQ,"2,310.00","2,335.00","2,291.60","2,303.90","2,319.05","2,318.05","2,307.85","2,814.00",735.35,287839,"664,290,268.90",17300,316
19-Nov-20,EQ,"2,320.00","2,390.00","2,310.00","2,318.05","2,317.00","2,331.40","2,355.98","2,814.00",735.35,701805,"1,653,440,703.65",40446,317
20-Nov-20,EQ,"2,347.00","2,405.00","2,317.00","2,331.40","2,354.00","2,355.00","2,363.45","2,814.00",735.35,716526,"1,693,471,289.70",33665,318
23-Nov-20,EQ,"2,366.00","2,449.00","2,349.35","2,355.00","2,424.00","2,424.65","2,408.25","2,814.00",735.35,604392,"1,455,525,118.50",29012,319
24-Nov-20,EQ,"2,433.75","2,485.00","2,426.70","2,424.65","2,449.00","2,453.05","2,457.39","2,814.00",735.35,559738,"1,375,492,482.20",32968,320
25-Nov-20,EQ,"2,457.90","2,482.85","2,412.20","2,453.05","2,425.00","2,424.45","2,454.06","2,814.00",735.35,412912,"1,013,310,230.80",25145,321
26-Nov-20,EQ,"2,428.95","2,495.00","2,420.30","2,424.45","2,450.00","2,451.30","2,462.74","2,814.00",735.35,479070,"1,179,824,490.00",29081,322
27-Nov-20,EQ,"2,460.85","2,478.95","2,393.00","2,451.30","2,405.00","2,400.65","2,428.15","2,814.00",735.35,286800,"696,394,022.55",16160,323
1-Dec-20,EQ,"2,404.00","2,476.20","2,385.00","2,400.65","2,451.20","2,455.40","2,439.27","2,814.00",735.35,315214,"768,891,451.60",23398,324
2-Dec-20,EQ,"2,465.00","2,481.60","2,407.00","2,455.40","2,445.45","2,443.25","2,447.49","2,814.00",735.35,351021,"859,121,534.80",18821,325
3-Dec-20,EQ,"2,453.00","2,514.00","2,451.25","2,443.25","2,480.00","2,484.60","2,481.94","2,814.00",735.35,754884,"1,873,574,891.80",33207,326
4-Dec-20,EQ,"2,497.00","2,497.00","2,435.80","2,484.60","2,447.00","2,448.15","2,457.90","2,814.00",735.35,198270,"487,327,034.85",15546,327
7-Dec-20,EQ,"2,449.90","2,485.00","2,448.35","2,448.15","2,453.50","2,455.70","2,459.90","2,814.00",735.35,315825,"776,896,961.40",12670,328
8-Dec-20,EQ,"2,464.30","2,493.00","2,411.00","2,455.70","2,474.95","2,477.45","2,458.39","2,814.00",735.35,394651,"970,204,186.60",21963,329
9-Dec-20,EQ,"2,480.00","2,564.55","2,474.05","2,477.45","2,509.00","2,507.60","2,525.03","2,814.00",735.35,746184,"1,884,137,857.70",38391,330
10-Dec-20,EQ,"2,510.00","2,511.80","2,455.70","2,507.60","2,481.00","2,481.45","2,483.40","2,814.00",735.35,230710,"572,945,645.35",14698,331
11-Dec-20,EQ,"2,481.45","2,525.00","2,465.50","2,481.45","2,495.00","2,498.00","2,497.61","2,814.00",735.35,264368,"660,286,954.95",16753,332
14-Dec-20,EQ,"2,501.00","2,519.00","2,483.00","2,498.00","2,502.15","2,503.15","2,503.60","2,814.00",735.35,135692,"339,718,261.70",10595,333
15-Dec-20,EQ,"2,507.10","2,558.40","2,488.85","2,503.15","2,527.00","2,540.55","2,534.48","2,814.00",735.35,352227,"892,711,619.00",21606,334
16-Dec-20,EQ,"2,545.00","2,552.85","2,505.00","2,540.55","2,534.00","2,534.10","2,528.53","2,814.00",735.35,236588,"598,219,797.60",14987,335
17-Dec-20,EQ,"2,512.00","2,549.65","2,496.80","2,534.10","2,510.00","2,510.55","2,527.74","2,814.00",735.35,141877,"358,627,745.00",10650,336
18-Dec-20,EQ,"2,530.00","2,625.00","2,530.00","2,510.55","2,552.00","2,556.80","2,577.01","2,814.00",735.35,974484,"2,511,255,238.80",51045,337
21-Dec-20,EQ,"2,560.00","2,628.05","2,305.00","2,556.80","2,405.00","2,390.00","2,493.02","2,814.00",735.35,656398,"1,636,414,230.00",34264,338
22-Dec-20,EQ,"2,414.00","2,596.65","2,340.00","2,390.00","2,570.00","2,563.25","2,462.74","2,814.00",735.35,786285,"1,936,417,271.90",44757,339
23-Dec-20,EQ,"2,575.00","2,661.00","2,546.45","2,563.25","2,620.10","2,632.20","2,614.12","2,814.00",735.35,778684,"2,035,576,411.95",41881,340
24-Dec-20,EQ,"2,621.10","2,687.00","2,590.30","2,632.20","2,651.00","2,652.55","2,640.96","2,814.00",735.35,602180,"1,590,335,275.85",29594,341
28-Dec-20,EQ,"2,670.00","2,715.00","2,663.15","2,652.55","2,680.05","2,690.90","2,692.33","2,814.00",735.35,434906,"1,170,910,044.25",21677,342
29-Dec-20,EQ,"2,690.65","2,729.90","2,667.85","2,690.90","2,676.00","2,680.50","2,701.91","2,814.00",735.35,333417,"900,863,102.25",16624,343
30-Dec-20,EQ,"2,687.00","2,708.00","2,657.05","2,680.50","2,691.00","2,694.60","2,688.81","2,814.00",735.35,240135,"645,676,917.15",15145,344
31-Dec-20,EQ,"2,696.00","2,714.75","2,665.00","2,694.60","2,700.00","2,705.15","2,690.60","2,814.00",735.35,175429,"472,009,791.95",10990,345
1-Jan-21,EQ,"2,703.25","2,748.00","2,685.85","2,705.15","2,732.00","2,722.25","2,728.32","2,814.00",735.35,216757,"591,382,204.90",12807,346
4-Jan-21,EQ,"2,750.90","2,867.25","2,720.00","2,722.25","2,836.05","2,838.55","2,804.23","2,867.25",735.35,523222,"1,467,233,048.45",32190,347
5-Jan-21,EQ,"2,840.00","2,906.00","2,811.10","2,838.55","2,872.00","2,882.55","2,874.20","2,906.00",735.35,632717,"1,818,554,879.20",41562,348
6-Jan-21,EQ,"2,885.00","2,909.55","2,761.00","2,882.55","2,796.00","2,801.55","2,828.32","2,909.55",735.35,436993,"1,235,956,059.40",29139,349
7-Jan-21,EQ,"2,830.00","2,850.00","2,730.00","2,801.55","2,749.70","2,740.80","2,762.84","2,909.55",735.35,353906,"977,785,319.95",22754,350
8-Jan-21,EQ,"2,776.50","2,825.00","2,745.00","2,740.80","2,802.00","2,804.20","2,791.59","2,909.55",735.35,498550,"1,391,744,960.30",27195,351
11-Jan-21,EQ,"2,820.20","2,848.00","2,766.45","2,804.20","2,815.00","2,817.05","2,811.90","2,909.55",735.35,495273,"1,392,656,681.30",28004,352
12-Jan-21,EQ,"2,812.40","2,831.50","2,751.75","2,817.05","2,765.05","2,772.35","2,785.80","2,909.55",735.35,222656,"620,275,908.55",17745,353
13-Jan-21,EQ,"2,779.00","2,797.50","2,666.55","2,772.35","2,722.30","2,730.20","2,735.04","2,909.55",735.35,344363,"941,846,542.20",28623,354
14-Jan-21,EQ,"2,742.40","2,753.10","2,671.65","2,730.20","2,732.95","2,734.00","2,712.31","2,909.55",735.35,370482,"1,004,863,848.75",20985,355
15-Jan-21,EQ,"2,753.45","2,762.80","2,610.00","2,734.00","2,628.05","2,637.80","2,664.17","2,909.55",735.35,375905,"1,001,473,153.90",26213,356
18-Jan-21,EQ,"2,648.00","2,655.00","2,491.75","2,637.80","2,495.00","2,509.85","2,550.27","2,909.55",735.35,409992,"1,045,588,614.10",30409,357
19-Jan-21,EQ,"2,537.90","2,553.00","2,475.00","2,509.85","2,516.00","2,517.00","2,510.92","2,909.55",735.35,425600,"1,068,648,106.60",36245,358
20-Jan-21,EQ,"2,530.00","2,647.35","2,526.00","2,517.00","2,622.00","2,620.15","2,611.39","2,909.55",735.35,574158,"1,499,351,674.05",37280,359
21-Jan-21,EQ,"2,638.00","2,759.20","2,535.20","2,620.15","2,572.25","2,554.65","2,603.53","2,909.55",735.35,379262,"987,419,852.25",21297,360
22-Jan-21,EQ,"2,572.25","2,587.80","2,482.90","2,554.65","2,488.00","2,491.00","2,528.77","2,909.55",735.35,324671,"821,019,113.60",19961,361
25-Jan-21,EQ,"2,496.00","2,511.30","2,371.85","2,491.00","2,396.05","2,397.65","2,428.48","2,909.55",735.35,340348,"826,527,262.55",26162,362
27-Jan-21,EQ,"2,407.90","2,485.00","2,371.35","2,397.65","2,442.95","2,448.05","2,440.27","2,909.55",735.35,480020,"1,171,378,948.15",30925,363
28-Jan-21,EQ,"2,409.50","2,427.95","2,367.00","2,448.05","2,422.00","2,420.10","2,402.81","2,909.55",735.35,293093,"704,247,010.40",17654,364
29-Jan-21,EQ,"2,420.10","2,476.80","2,353.00","2,420.10","2,380.05","2,392.80","2,408.43","2,909.55",735.35,656175,"1,580,352,502.35",34613,365
1-Feb-21,EQ,"2,381.00","2,442.30","2,325.05","2,392.80","2,428.00","2,423.80","2,392.68","2,909.55",735.35,240826,"576,219,924.80",20745,366
2-Feb-21,EQ,"2,449.90","2,498.00","2,384.05","2,423.80","2,446.05","2,453.05","2,427.61","2,909.55",735.35,451684,"1,096,513,596.40",25644,367
3-Feb-21,EQ,"2,470.00","2,552.00","2,428.60","2,453.05","2,520.00","2,523.25","2,519.13","2,909.55",735.35,457239,"1,151,844,622.15",29132,368
4-Feb-21,EQ,"2,539.00","2,561.70","2,508.55","2,523.25","2,534.00","2,548.30","2,543.19","2,909.55",735.35,287341,"730,763,338.35",18759,369
5-Feb-21,EQ,"2,565.00","2,572.55","2,435.25","2,548.30","2,498.95","2,498.60","2,505.59","2,909.55",735.35,575079,"1,440,911,966.65",34088,370
8-Feb-21,EQ,"2,520.00","2,640.45","2,480.40","2,498.60","2,608.55","2,604.65","2,589.62","2,909.55",735.35,487169,"1,261,580,978.35",33686,371
9-Feb-21,EQ,"2,622.00","2,643.90","2,527.00","2,604.65","2,550.00","2,543.65","2,597.29","2,909.55",735.35,355183,"922,514,520.60",18610,372
10-Feb-21,EQ,"2,555.00","2,620.00","2,520.15","2,543.65","2,620.00","2,605.65","2,592.75","2,909.55",735.35,340844,"883,722,676.45",19671,373
11-Feb-21,EQ,"2,600.00","2,659.00","2,574.35","2,605.65","2,640.00","2,640.60","2,635.74","2,909.55",735.35,225339,"593,935,787.35",15643,374
12-Feb-21,EQ,"2,658.00","2,699.90","2,600.00","2,640.60","2,630.00","2,611.80","2,653.97","2,909.55",735.35,381351,"1,012,093,630.80",21173,375
15-Feb-21,EQ,"2,629.00","2,650.00","2,581.60","2,611.80","2,593.00","2,595.10","2,614.05","2,909.55",735.35,115606,"302,199,462.55",9560,376
16-Feb-21,EQ,"2,601.00","2,653.00","2,581.05","2,595.10","2,615.00","2,622.05","2,629.67","2,909.55",735.35,341414,"897,805,319.55",16525,377
17-Feb-21,EQ,"2,600.00","2,616.00","2,540.00","2,622.05","2,583.30","2,586.80","2,571.67","2,909.55",735.35,203604,"523,602,447.10",14510,378
18-Feb-21,EQ,"2,599.90","2,666.10","2,573.65","2,586.80","2,609.60","2,615.80","2,621.11","2,909.55",735.35,339308,"889,362,244.25",26120,379
19-Feb-21,EQ,"2,615.90","2,644.90","2,544.10","2,615.80","2,565.00","2,570.25","2,591.98","2,909.55",735.35,209259,"542,395,606.85",17322,380
22-Feb-21,EQ,"2,571.00","2,586.55","2,450.70","2,570.25","2,474.00","2,471.00","2,509.56","2,909.55",735.35,151596,"380,439,356.80",12029,381
23-Feb-21,EQ,"2,483.20","2,525.00","2,450.00","2,471.00","2,460.00","2,465.35","2,490.95","2,909.55",735.35,179812,"447,902,129.90",17579,382
24-Feb-21,EQ,"2,479.00","2,513.95","2,300.00","2,465.35","2,513.95","2,498.45","2,480.26","2,909.55",735.35,143008,"354,696,814.80",12768,383
25-Feb-21,EQ,"2,521.00","2,561.00","2,507.00","2,498.45","2,518.85","2,516.90","2,535.68","2,909.55",735.35,132411,"335,752,099.00",10987,384
26-Feb-21,EQ,"2,512.00","2,590.00","2,450.50","2,516.90","2,539.95","2,542.05","2,520.89","2,909.55",735.35,248948,"627,570,604.70",22952,385
1-Mar-21,EQ,"2,555.50","2,569.00","2,476.05","2,542.05","2,513.00","2,504.20","2,517.27","2,909.55",735.35,122858,"309,267,111.20",11378,386
2-Mar-21,EQ,"2,533.25","2,619.00","2,521.05","2,504.20","2,613.00","2,601.30","2,579.80","2,909.55",735.35,286315,"738,636,168.50",20635,387
3-Mar-21,EQ,"2,618.00","2,698.00","2,602.00","2,601.30","2,670.00","2,674.55","2,659.49","2,909.55",735.35,326166,"867,434,709.60",28076,388
4-Mar-21,EQ,"2,620.00","2,694.85","2,620.00","2,674.55","2,636.00","2,635.55","2,665.80","2,909.55",735.35,165983,"442,477,118.00",16702,389
5-Mar-21,EQ,"2,630.00","2,655.10","2,564.00","2,635.55","2,593.00","2,585.65","2,599.18","2,909.55",735.35,147042,"382,188,016.15",12125,390
8-Mar-21,EQ,"2,618.95","2,631.80","2,552.00","2,585.65","2,577.00","2,563.15","2,593.97","2,909.55",735.35,136788,"354,823,888.05",11593,391
9-Mar-21,EQ,"2,583.00","2,631.00","2,495.10","2,563.15","2,620.00","2,582.80","2,556.87","2,909.55",735.35,188462,"481,872,954.70",16148,392
10-Mar-21,EQ,"2,620.00","2,757.00","2,620.00","2,582.80","2,733.00","2,734.00","2,722.30","2,909.55",735.35,1193338,"3,248,621,492.15",87919,393
12-Mar-21,EQ,"2,742.00","2,793.95","2,711.00","2,734.00","2,724.00","2,722.10","2,756.64","2,909.55",735.35,476338,"1,313,093,328.95",35344,394
15-Mar-21,EQ,"2,740.00","2,840.00","2,727.00","2,722.10","2,824.10","2,825.40","2,793.68","2,909.55",735.35,757455,"2,116,088,906.15",49450,395
16-Mar-21,EQ,"2,840.00","3,015.25","2,825.00","2,825.40","2,986.00","2,993.55","2,951.95","3,015.25",735.35,1308579,"3,862,861,341.60",81521,396
17-Mar-21,EQ,"2,980.00","3,032.00","2,930.00","2,993.55","2,948.00","2,949.55","2,984.02","3,032.00",735.35,784046,"2,339,606,836.20",47570,397
18-Mar-21,EQ,"2,953.90","2,989.95","2,840.85","2,949.55","2,890.00","2,874.40","2,919.26","3,032.00",735.35,468053,"1,366,366,903.85",32793,398
19-Mar-21,EQ,"2,882.00","3,000.00","2,815.05","2,874.40","2,963.45","2,966.75","2,914.75","3,032.00",735.35,481531,"1,403,541,201.90",31858,399
22-Mar-21,EQ,"2,975.65","3,012.80","2,895.20","2,966.75","2,925.00","2,921.20","2,946.81","3,032.00",735.35,325777,"960,002,870.00",19943,400
23-Mar-21,EQ,"2,932.70","2,964.25","2,853.20","2,921.20","2,862.00","2,866.55","2,894.54","3,032.00",735.35,238913,"691,544,416.20",16363,401
24-Mar-21,EQ,"2,848.00","2,894.60","2,814.05","2,866.55","2,830.00","2,825.65","2,864.35","3,032.00",735.35,288497,"826,357,018.55",24796,402
25-Mar-21,EQ,"2,838.00","2,839.45","2,725.00","2,825.65","2,767.00","2,751.40","2,770.38","3,032.00",735.35,298289,"826,373,914.70",18637,403
26-Mar-21,EQ,"2,771.00","2,844.00","2,750.00","2,751.40","2,832.25","2,796.05","2,797.12","3,032.00",735.35,249711,"698,470,736.55",18046,404
30-Mar-21,EQ,"2,832.00","2,988.00","2,776.30","2,796.05","2,939.80","2,960.10","2,900.64","3,032.00","1,011.05",706485,"2,049,262,150.40",45529,405
31-Mar-21,EQ,"2,931.00","2,946.00","2,875.00","2,960.10","2,920.00","2,926.95","2,911.61","3,032.00","1,011.05",337479,"982,607,921.80",26662,406
1-Apr-21,EQ,"2,936.00","3,070.80","2,888.15","2,926.95","2,924.00","2,933.45","2,977.76","3,070.80","1,011.05",832101,"2,477,797,292.20",49429,407
5-Apr-21,EQ,"2,919.00","3,059.90","2,885.00","2,933.45","3,043.05","3,036.60","2,999.98","3,070.80","1,019.40",766853,"2,300,541,441.90",54890,408
6-Apr-21,EQ,"3,050.00","3,069.95","2,985.30","3,036.60","2,995.45","2,998.95","3,021.42","3,070.80","1,019.40",511609,"1,545,787,865.70",31186,409
7-Apr-21,EQ,"2,998.90","3,139.70","2,990.15","2,998.95","3,092.00","3,107.65","3,066.74","3,139.70","1,019.40",998900,"3,063,365,388.80",45044,410
8-Apr-21,EQ,"3,121.00","3,184.95","3,055.00","3,107.65","3,083.00","3,078.95","3,118.07","3,184.95","1,019.40",638091,"1,989,612,592.45",36765,411
9-Apr-21,EQ,"3,098.40","3,181.90","3,090.05","3,078.95","3,160.00","3,167.85","3,147.74","3,184.95","1,019.40",567715,"1,787,020,440.65",33924,412
12-Apr-21,EQ,"3,153.80","3,195.45","3,040.00","3,167.85","3,120.05","3,118.30","3,105.44","3,195.45","1,019.40",686244,"2,131,092,713.35",43328,413
13-Apr-21,EQ,"3,140.00","3,150.00","2,817.70","3,118.30","2,900.00","2,890.50","2,907.11","3,195.45","1,019.40",1192328,"3,466,231,952.15",70037,414
15-Apr-21,EQ,"2,870.00","3,072.00","2,870.00","2,890.50","3,050.00","3,045.05","3,015.48","3,195.45","1,019.40",1197238,"3,610,246,505.45",71014,415
16-Apr-21,EQ,"3,045.00","3,222.90","3,035.05","3,045.05","3,167.50","3,171.95","3,157.79","3,222.90","1,019.40",1118546,"3,532,132,450.00",60335,416
19-Apr-21,EQ,"3,050.95","3,170.00","3,050.95","3,171.95","3,112.25","3,111.65","3,127.00","3,222.90","1,019.40",524015,"1,638,596,339.65",34447,417
20-Apr-21,EQ,"3,129.00","3,147.95","2,987.75","3,111.65","3,018.70","3,010.00","3,067.02","3,222.90","1,019.40",494558,"1,516,817,542.30",34189,418
22-Apr-21,EQ,"3,018.60","3,019.00","2,864.95","3,010.00","2,886.00","2,878.95","2,899.48","3,222.90","1,019.40",531624,"1,541,432,305.70",33020,419
23-Apr-21,EQ,"2,890.00","2,979.95","2,843.30","2,878.95","2,853.00","2,851.00","2,897.02","3,222.90","1,019.40",655022,"1,897,608,584.75",42947,420
26-Apr-21,EQ,"2,869.90","2,900.95","2,799.80","2,851.00","2,811.00","2,808.10","2,836.81","3,222.90","1,078.30",381791,"1,083,066,853.25",26316,421
27-Apr-21,EQ,"2,832.70","2,869.00","2,785.00","2,808.10","2,824.05","2,838.10","2,830.06","3,222.90","1,078.30",441989,"1,250,856,732.20",25526,422
28-Apr-21,EQ,"2,839.75","2,896.00","2,825.00","2,838.10","2,871.90","2,868.20","2,867.47","3,222.90","1,078.30",298609,"856,252,316.50",27278,423
29-Apr-21,EQ,"2,893.90","2,931.00","2,830.90","2,868.20","2,848.50","2,844.70","2,875.20","3,222.90","1,078.30",396597,"1,140,293,947.80",24309,424
30-Apr-21,EQ,"2,843.80","2,919.75","2,820.60","2,844.70","2,867.00","2,869.05","2,863.90","3,222.90","1,078.30",473597,"1,356,336,231.60",23936,425
3-May-21,EQ,"2,875.95","2,915.00","2,831.00","2,869.05","2,909.65","2,902.75","2,879.72","3,222.90","1,152.10",267322,"769,811,475.30",16814,426
4-May-21,EQ,"2,920.00","2,946.90","2,844.60","2,902.75","2,851.10","2,850.30","2,894.34","3,222.90","1,152.10",291720,"844,337,306.90",19575,427
5-May-21,EQ,"2,856.40","2,905.35","2,835.30","2,850.30","2,887.40","2,892.75","2,870.50","3,222.90","1,152.10",256580,"736,513,835.05",15956,428
6-May-21,EQ,"2,905.00","3,449.00","2,821.85","2,892.75","3,387.00","3,396.15","3,260.99","3,449.00","1,152.10",6409969,"20,902,836,728.35",345129,429
7-May-21,EQ,"3,374.00","3,544.80","3,318.30","3,396.15","3,353.40","3,380.75","3,422.12","3,544.80","1,152.10",3382726,"11,576,090,594.55",196372,430
10-May-21,EQ,"3,374.95","3,374.95","3,142.70","3,380.75","3,218.00","3,222.10","3,242.47","3,544.80","1,302.00",2405760,"7,800,609,821.20",119047,431
11-May-21,EQ,"3,225.00","3,469.90","3,177.05","3,222.10","3,399.90","3,418.40","3,362.74","3,544.80","1,302.00",2264123,"7,613,666,486.90",125410,432
12-May-21,EQ,"3,411.00","3,442.85","3,336.05","3,418.40","3,392.40","3,392.10","3,399.94","3,544.80","1,302.00",814552,"2,769,429,726.70",45582,433
14-May-21,EQ,"3,391.00","3,391.00","3,276.15","3,392.10","3,357.00","3,349.55","3,341.31","3,544.80","1,302.00",394498,"1,318,141,510.95",26281,434
17-May-21,EQ,"3,372.00","3,489.00","3,336.05","3,349.55","3,362.00","3,367.45","3,393.20","3,544.80","1,302.00",704552,"2,390,684,521.35",51377,435
18-May-21,EQ,"3,376.00","3,515.35","3,369.05","3,367.45","3,429.00","3,430.20","3,443.06","3,544.80","1,302.00",882274,"3,037,725,957.40",60258,436
19-May-21,EQ,"3,399.00","3,457.60","3,251.55","3,430.20","3,276.95","3,277.75","3,299.24","3,544.80","1,302.00",3480261,"11,482,229,700.90",82272,437
20-May-21,EQ,"3,277.75","3,359.40","3,265.00","3,277.75","3,325.00","3,323.20","3,316.18","3,544.80","1,302.00",1314899,"4,360,447,703.35",68104,438
21-May-21,EQ,"3,350.00","3,385.90","3,315.25","3,323.20","3,357.00","3,330.20","3,355.94","3,544.80","1,302.00",867323,"2,910,687,390.05",45541,439
24-May-21,EQ,"3,348.00","3,374.85","3,261.70","3,330.20","3,284.05","3,290.40","3,315.15","3,544.80","1,302.00",639900,"2,121,364,861.20",37940,440
25-May-21,EQ,"3,300.00","3,374.50","3,295.50","3,290.40","3,345.00","3,341.80","3,341.53","3,544.80","1,302.00",521689,"1,743,237,868.10",26943,441
26-May-21,EQ,"3,345.00","3,505.00","3,345.00","3,341.80","3,490.00","3,484.65","3,445.93","3,544.80","1,302.00",1358170,"4,680,156,184.75",80803,442
27-May-21,EQ,"3,498.70","3,564.10","3,460.75","3,484.65","3,497.00","3,495.90","3,513.44","3,564.10","1,302.00",1267263,"4,452,447,780.00",78590,443
28-May-21,EQ,"3,510.00","3,585.00","3,500.00","3,495.90","3,544.00","3,543.05","3,544.80","3,585.00","1,302.00",649978,"2,304,042,314.65",36819,444
31-May-21,EQ,"3,558.00","3,579.00","3,511.10","3,543.05","3,542.40","3,529.40","3,546.24","3,585.00","1,302.00",418257,"1,483,241,747.50",26447,445
1-Jun-21,EQ,"3,540.00","3,598.00","3,505.90","3,529.40","3,594.00","3,588.60","3,556.65","3,598.00","1,302.00",428643,"1,524,532,297.95",26472,446
2-Jun-21,EQ,"3,588.00","3,610.00","3,530.00","3,588.60","3,566.30","3,575.65","3,567.51","3,610.00","1,302.00",370855,"1,323,029,984.75",28659,447
3-Jun-21,EQ,"3,575.00","3,659.55","3,560.00","3,575.65","3,641.00","3,644.45","3,615.38","3,659.55","1,302.00",518452,"1,874,399,264.60",33505,448
4-Jun-21,EQ,"3,660.00","3,715.00","3,650.00","3,644.45","3,675.00","3,694.10","3,688.05","3,715.00","1,302.00",663470,"2,446,913,680.10",37612,449
7-Jun-21,EQ,"3,694.10","3,732.00","3,660.80","3,694.10","3,715.00","3,713.40","3,698.34","3,732.00","1,302.00",336542,"1,244,646,222.80",25465,450
8-Jun-21,EQ,"3,717.00","3,849.40","3,717.00","3,713.40","3,840.00","3,824.10","3,805.55","3,849.40","1,302.00",958609,"3,648,034,905.35",68007,451
9-Jun-21,EQ,"3,840.00","3,968.00","3,831.95","3,824.10","3,844.00","3,848.55","3,905.66","3,968.00","1,302.00",1103959,"4,311,692,003.70",74520,452
10-Jun-21,EQ,"3,878.80","3,940.00","3,870.00","3,848.55","3,900.00","3,896.90","3,906.64","3,968.00","1,302.00",394096,"1,539,590,617.60",31388,453
11-Jun-21,EQ,"3,916.40","4,009.70","3,906.00","3,896.90","3,982.90","3,978.95","3,974.19","4,009.70","1,302.00",601470,"2,390,356,815.15",43636,454
14-Jun-21,EQ,"4,013.95","4,013.95","3,873.05","3,978.95","3,925.00","3,908.45","3,917.53","4,013.95","1,321.50",446759,"1,750,192,711.95",54159,455
15-Jun-21,EQ,"3,925.45","3,989.00","3,925.45","3,908.45","3,939.00","3,944.85","3,958.28","4,013.95","1,321.50",280264,"1,109,362,249.50",19965,456
16-Jun-21,EQ,"3,962.95","4,026.00","3,911.00","3,944.85","3,962.00","3,977.50","3,980.30","4,026.00","1,321.50",451884,"1,798,633,251.30",32846,457
17-Jun-21,EQ,"3,963.70","4,015.55","3,941.15","3,977.50","3,974.65","3,978.60","3,982.28","4,026.00","1,321.50",229866,"915,391,557.85",17846,458
18-Jun-21,EQ,"4,010.00","4,048.85","3,870.00","3,978.60","3,990.00","3,971.05","3,972.02","4,048.85","1,321.50",412475,"1,638,357,148.50",37313,459
21-Jun-21,EQ,"3,959.95","4,028.75","3,878.20","3,971.05","3,986.05","4,008.65","3,966.02","4,048.85","1,326.85",299027,"1,185,946,221.05",24036,460
22-Jun-21,EQ,"4,044.75","4,044.75","3,963.25","4,008.65","3,976.95","3,978.65","4,008.78","4,048.85","1,326.85",279225,"1,119,352,485.15",24703,461
23-Jun-21,EQ,"3,996.45","4,028.70","3,920.00","3,978.65","3,936.00","3,935.85","3,983.91","4,048.85","1,326.85",297161,"1,183,861,875.15",22459,462
24-Jun-21,EQ,"3,964.00","4,090.00","3,947.80","3,935.85","4,082.00","4,072.85","4,017.92","4,090.00","1,326.85",457117,"1,836,660,662.85",30647,463
25-Jun-21,EQ,"4,100.75","4,157.70","4,055.00","4,072.85","4,086.05","4,097.70","4,105.26","4,157.70","1,326.85",548604,"2,252,159,760.65",47725,464
28-Jun-21,EQ,"4,110.00","4,138.00","4,065.00","4,097.70","4,094.45","4,122.45","4,110.10","4,157.70","1,375.00",201561,"828,436,564.55",14453,465
29-Jun-21,EQ,"4,121.85","4,121.85","4,032.00","4,122.45","4,060.00","4,061.30","4,059.29","4,157.70","1,375.00",289428,"1,174,872,126.00",25554,466
30-Jun-21,EQ,"4,070.00","4,174.00","4,070.00","4,061.30","4,160.30","4,157.30","4,143.65","4,174.00","1,375.00",390047,"1,616,217,087.55",29894,467
1-Jul-21,EQ,"4,159.90","4,205.10","4,106.50","4,157.30","4,201.00","4,193.60","4,159.51","4,205.10","1,375.00",284271,"1,182,428,836.10",22079,468
2-Jul-21,EQ,"4,195.00","4,256.00","4,090.05","4,193.60","4,183.00","4,196.95","4,163.52","4,256.00","1,375.00",713841,"2,972,094,208.55",47148,469
5-Jul-21,EQ,"4,201.00","4,279.00","4,180.05","4,196.95","4,220.00","4,219.20","4,227.14","4,279.00","1,425.05",414482,"1,752,072,251.40",29252,470
6-Jul-21,EQ,"4,235.00","4,238.00","4,134.05","4,219.20","4,193.00","4,193.15","4,186.03","4,279.00","1,425.05",453052,"1,896,488,217.70",32950,471
7-Jul-21,EQ,"4,190.00","4,259.00","4,120.05","4,193.15","4,246.75","4,245.05","4,199.35","4,279.00","1,425.05",364907,"1,532,373,471.35",35269,472
8-Jul-21,EQ,"4,217.00","4,520.15","4,215.00","4,245.05","4,483.70","4,464.60","4,377.32","4,520.15","1,425.05",862070,"3,773,555,469.50",58850,473
9-Jul-21,EQ,"4,449.00","4,479.00","4,295.00","4,464.60","4,355.00","4,356.55","4,367.77","4,520.15","1,425.05",779102,"3,402,940,205.95",70392,474
12-Jul-21,EQ,"4,360.00","4,409.85","4,313.00","4,356.55","4,390.90","4,388.25","4,370.75","4,520.15","1,534.95",398500,"1,741,742,199.85",55409,475
13-Jul-21,EQ,"4,400.00","4,419.75","4,300.00","4,388.25","4,335.00","4,320.35","4,354.03","4,520.15","1,534.95",208757,"908,933,912.70",22270,476
14-Jul-21,EQ,"4,339.45","4,558.80","4,339.00","4,320.35","4,529.85","4,534.70","4,483.35","4,558.80","1,534.95",930414,"4,171,368,974.60",77503,477
15-Jul-21,EQ,"4,544.40","4,610.00","4,488.95","4,534.70","4,570.05","4,589.60","4,552.75","4,610.00","1,534.95",527612,"2,402,084,568.70",61016,478
16-Jul-21,EQ,"4,575.80","4,582.00","4,500.50","4,589.60","4,549.80","4,547.75","4,541.65","4,610.00","1,534.95",284143,"1,290,477,454.50",29035,479
19-Jul-21,EQ,"4,539.95","4,663.00","4,505.00","4,547.75","4,550.00","4,544.45","4,568.22","4,663.00","1,613.85",348508,"1,592,059,577.95",45867,480
20-Jul-21,EQ,"4,567.00","4,578.70","4,474.45","4,544.45","4,525.00","4,541.30","4,524.26","4,663.00","1,613.85",310084,"1,402,902,131.10",41456,481
22-Jul-21,EQ,"4,558.85","4,690.00","4,555.00","4,541.30","4,667.00","4,663.20","4,630.08","4,690.00","1,613.85",316756,"1,466,605,896.65",40157,482
23-Jul-21,EQ,"4,678.00","4,767.30","4,671.30","4,663.20","4,685.00","4,688.45","4,714.90","4,767.30","1,613.85",370756,"1,748,078,256.45",39333,483
26-Jul-21,EQ,"4,686.00","4,759.90","4,680.00","4,688.45","4,725.00","4,717.55","4,733.02","4,767.30","1,693.80",257317,"1,217,887,283.35",23367,484
27-Jul-21,EQ,"4,745.00","4,759.00","4,685.00","4,717.55","4,715.00","4,723.40","4,724.98","4,767.30","1,693.80",183614,"867,571,676.15",22334,485
28-Jul-21,EQ,"4,725.00","4,849.90","4,563.60","4,723.40","4,749.00","4,742.95","4,684.03","4,849.90","1,693.80",981330,"4,596,577,191.05",87269,486
29-Jul-21,EQ,"4,825.00","5,201.00","4,825.00","4,742.95","5,188.00","5,171.55","5,033.95","5,201.00","1,693.80",1557599,"7,840,883,063.45",117659,487
30-Jul-21,EQ,"5,188.00","5,230.00","5,035.05","5,171.55","5,085.00","5,083.90","5,130.59","5,230.00","1,693.80",504421,"2,587,977,344.90",48032,488
2-Aug-21,EQ,"5,114.60","5,188.00","5,090.05","5,083.90","5,150.00","5,142.10","5,137.35","5,230.00","1,880.50",207068,"1,063,779,861.20",22728,489
3-Aug-21,EQ,"5,187.55","5,213.50","4,933.55","5,142.10","4,988.90","4,964.60","5,042.60","5,230.00","1,880.50",498197,"2,512,206,203.00",48943,490
4-Aug-21,EQ,"4,860.10","4,873.00","4,642.25","4,964.60","4,731.90","4,723.80","4,742.13","5,230.00","1,880.50",7451757,"35,337,200,520.40",145718,491
5-Aug-21,EQ,"4,764.00","4,844.00","4,740.00","4,723.80","4,741.40","4,768.50","4,791.96","5,230.00","1,880.50",801906,"3,842,700,825.50",65887,3
6-Aug-21,EQ,"4,780.00","4,840.00","4,762.00","4,768.50","4,789.90","4,789.65","4,806.04","5,230.00","1,880.50",403102,"1,937,325,767.05",29939,2
9-Aug-21,EQ,"4,780.00","4,834.10","4,749.15","4,789.65","4,814.00","4,799.60","4,794.39","5,230.00","1,880.50",300321,"1,439,857,070.45",29862,1
